passenger_name,flight_number,class,seatno
Archie Brooke,1340,Economy Premium,C25
Kelley Ogdahl,4322,First,E2
Annis De la croix,1340,First,E5
Conway Chritchlow,1340,First,D19
Georas Alabone,3211,First,C16
Tan Halston,4322,Business,C7
Margret Saffell,3211,First,A11
Cassey McGettigan,1340,Business,B11
Fiona Klauber,3211,Economy,F3
Annamarie Traynor,1340,Business,E21
Harvey Elvish,1189,First,A7
Jodee Gorghetto,1189,Economy,D10
Maxim Scarce,4355,First,B21
Derby Blaszkiewicz,1340,Business,F2
Beatrisa Panchin,4355,First,F7
Hope Bernadzki,4355,Economy Premium,B1
Gaynor Birth,1189,Economy Premium,A13
Codie Irvine,1189,Economy,B24
Clara Yewman,3211,First,F13
Chilton Gleadhall,1189,Economy Premium,A15
Preston Skipsey,4355,Business,C20
Kelila Moar,1340,Economy Premium,E1
Gaylord Adrian,1340,First,D8
Kermit Soppit,4355,Economy,F18
Wesley Mingo,1189,First,E10
Collin Ashplant,4355,First,E1
Haven Deeson,3211,Economy,F5
Alyssa Croxon,1340,Business,D22
Murdoch Foyle,4355,Business,F6
Julius O'Day,4355,First,C23
Charline Mattholie,4355,Economy Premium,B7
Tammie Tocknell,4355,First,A8
Stafani McCunn,4355,Business,A21
Dorothee Sproston,4355,Business,C17
Ebeneser Hesse,1340,Economy Premium,A21
Ambrosio Stode,4322,Economy Premium,B23
Tova Corro,4322,Economy,E18
Euell Caizley,3211,Economy Premium,E16
Brooke Keveren,3211,Business,C13
Aldous Costy,1189,Economy,A2
Kennie Jerram,3211,Economy Premium,D19
Corbett Carryer,1340,Economy,D23
Hagan Sainsbury-Brown,1189,Economy,B14
Blake Mariotte,1340,First,F4
Dalia Glidder,3211,First,D9
Jarad De Luna,1189,Economy,D9
Aloysius Bonelle,4322,Economy Premium,A19
Anabella Garahan,3211,Business,A11
Cody Izak,1340,First,F3
Falkner Orleton,4322,Business,B2
Lazare Lerwill,4355,First,B4
Shay Ditchett,1189,Business,E15
Danit Rayhill,4355,Economy Premium,F21
Forest Kingscote,4322,First,E20
Jason Whittlesey,1189,Business,A19
Kyrstin Muncer,4355,Economy Premium,B3
Rodger Mannakee,3211,Economy,C10
Hurlee McPartlin,3211,Business,F24
Leonhard Bewshaw,3211,Economy,F22
Mariette Meneghi,1189,Economy,C3
Sonny Ormonde,4355,Economy Premium,D1
Emma Paroni,1189,Business,E21
Ardine McMaster,4322,First,D9
Deane Bown,4355,Economy Premium,A22
Lotti Orton,1340,Economy Premium,E3
Everard Robottham,1189,Business,E1
Nickie Vaneev,4322,First,D6
Forster Moakes,4355,Business,C16
Johnathon Bray,1189,Business,D8
Alix Ormes,4355,Economy Premium,A17
Eddy Charlo,1189,First,F20
Evaleen Rollings,1189,Business,C2
Jo-anne Outright,1340,First,C10
Chev Megany,3211,First,D8
Coralyn MacCafferky,4355,Business,D19
Wally Lantry,1340,Business,A24
Avivah Gisborne,1340,Business,A22
Poul Bhar,3211,First,A1
Roxanne Cocking,3211,First,D19
Doria Foystone,4322,Economy Premium,D14
Iosep Roderigo,1340,First,D19
Odelle Matthieson,1189,Business,F1
Faythe Margeram,1189,Business,D16
Cathyleen ducarme,4322,Economy,B3
Son Ubank,1189,Economy Premium,C16
Celestina Elsmore,3211,First,A24
Ikey Klug,1189,Business,D1
Ianthe Knowlys,1340,Economy Premium,D25
Nessy Tilzey,1340,Economy Premium,A9
Hester Stratten,1189,First,A14
Ludovika Fletcher,1340,Business,E9
Gunther Broe,4355,Business,A21
Brandon Blueman,1340,Business,A9
Kessiah Soane,4355,First,E1
Elsa Iveson,3211,First,C25
Sibyl Matzeitis,4322,Economy Premium,C9
Sibylle MacBean,4322,First,E6
Barde Edgars,4322,Business,B18
Toby Clewes,1340,Economy Premium,E12
Carce Brudenell,1189,Economy Premium,B12
Juana Hullock,3211,Business,F20
Arlene Inglese,4322,First,B1
Aubry Bilbee,1340,Business,A3
Rockey Kittel,1189,First,E16
Theda Fost,1340,Business,F20
Dicky Gladbeck,1189,Economy,B19
Filide Goggey,1189,Economy Premium,D13
Cariotta Goadbie,1189,Economy Premium,B14
Lanie De Filippis,1189,Economy,C23
Corilla Mosconi,1340,First,E4
Dodi Sinnott,4355,First,C23
Gregory Heater,3211,First,F22
Edd McCafferky,4355,First,D18
Godfrey Pasek,1340,Business,D23
Rosalyn Juris,4355,Business,B8
Roxy Bescoby,3211,First,D6
Juline Baty,4355,Economy Premium,D24
Brigit Jordine,3211,Economy Premium,A1
Peggy Presman,4322,Business,C11
Nathalia Godly,4355,First,F10
Glendon Daniels,1189,First,A14
Whit Spaice,4322,First,B23
Martin Georg,1340,First,C24
Hogan Leadbeatter,4355,Economy,B9
Ximenez Cresar,1189,First,F23
Teodoor Champkin,1340,Business,F23
Romona Igonet,4355,Economy Premium,B16
Aprilette Lorenc,1340,Economy Premium,F14
Kendrick Beeken,4322,First,C19
Krystyna Trowsdale,4322,Economy,E14
Ali Edgerly,1189,Economy Premium,C5
Benedetto Coils,3211,First,E7
Alvie Rintoul,4355,Economy,E9
Norean Edgeley,4322,Economy Premium,B17
Stacia Kinnane,3211,Business,C7
Alley Bendin,3211,Business,F24
Raffaello Portigall,3211,Economy Premium,F3
Ania Falconer,3211,Economy Premium,E8
Deeanne Leibold,3211,Economy Premium,E13
Melvin Pittendreigh,1189,Business,B5
Stephine Ralfe,4322,First,D20
Guendolen Dossit,4355,Economy,B13
Florentia Bullers,3211,Business,D5
Colleen Matlock,1189,Economy,C20
Jacinda Sedgman,1189,Business,A21
Ginny MacLachlan,3211,Economy,C16
Eliza Stebbin,1189,First,C18
Stoddard Gyorgy,4322,Economy Premium,A18
Welch Hullock,4355,Business,A13
Traver Davidovsky,4355,Economy Premium,A20
Anthea Pennrington,1340,First,C8
Cherri Franzelini,1189,First,F8
Therine Tregoning,4322,Economy Premium,B23
Rudolfo Lidden,1189,First,C22
Britney O'Crevy,1189,Business,F3
Daisie Surphliss,1340,First,D5
Gilbertina Wilcocke,3211,First,C1
Klaus McGrah,4322,First,E12
Jacintha Bondley,3211,First,E13
Robbert Rickerd,1189,Business,B13
Elaine O'Brogan,3211,Economy Premium,A18
Sharla Southwell,1340,Economy Premium,E10
Webb Greneham,4322,Economy Premium,D17
Stacy Fleeman,1189,Business,E21
Lancelot Zuanelli,4355,Business,F17
Benetta Fitzjohn,1189,Economy Premium,C12
Douglas Griffithe,4322,First,D9
Prudence Dubois,4322,Economy,C9
Sax MacSorley,1189,Economy Premium,C18
Julie Eltune,3211,Business,C8
Eleanora Bennedick,1189,Economy Premium,F14
Gertrude De Domenici,1340,Economy Premium,D10
Mackenzie Chaffer,4322,Economy,E6
Reilly Dicker,4322,First,A12
Philip Polkinghorne,4355,Economy,B6
Horatia Simonyi,1189,Economy Premium,F4
Hedvig MacDermot,1189,Business,D6
Adina Nore,1340,Economy,E21
Cornell Kobel,3211,Economy,F25
Tove Dunbar,1340,First,D8
Carlyle North,3211,First,C2
Meg Booij,1340,Economy Premium,B19
Torrence Mulvin,4355,Economy Premium,A19
Dawna Esseby,1340,Economy,D11
Terri-jo Meakin,4355,Economy,A19
Sonnie Schach,1340,Economy Premium,E17
Christabella Duesberry,3211,Economy Premium,C22
Jackqueline Altamirano,4322,Economy Premium,B13
Bliss Manns,1189,Economy Premium,A11
Marissa Sutlieff,1189,First,D24
Page Jodlowski,1340,Economy,A7
Marnie Shutler,1189,Economy Premium,E22
Elfie Grabert,3211,First,A25
Corella Dowgill,4355,Economy,F23
Marv Dallicoat,1189,Economy,C6
Helli Bilby,1189,First,C23
Sylvester Scrace,1189,Economy Premium,D12
Demetris Haughton,3211,First,C17
Kathe Mallalieu,4322,First,A17
Elise Creese,4355,Economy,B11
Edeline Westcot,4322,Economy Premium,E12
Farrah Brabham,3211,Economy,B10
Farr Menelaws,1189,Economy Premium,B22
Daniel Nijssen,1340,Business,B9
Evania Cleverly,1189,First,B24
Georgia Lipsett,4322,First,E3
Nola Damrell,3211,Economy,A14
Lilla Sancraft,4322,Business,C12
Dieter Ready,4355,First,D1
Margery Rounsefell,4355,Economy Premium,B16
Darnall Hankin,4355,Economy,C24
Gaylene Easterling,3211,First,E6
Ricardo Lettsom,1340,Economy Premium,E22
Babbette Pepperd,1189,Economy Premium,F25
Chevy Skatcher,3211,Economy Premium,C1
Evita McLernon,1189,Economy Premium,E10
Nada Brigge,1340,Business,D19
Kandace Martill,1340,Economy Premium,C6
Charlton Rowsel,4355,Business,E18
Clemmie Raspison,4322,Business,B19
Karel Hedden,4355,Business,C9
Loise Snoddin,1189,First,A12
Petronia Mellmoth,1340,Economy Premium,F10
Beverlee Copo,4355,Business,A1
Carla Jovis,4355,First,F22
Katuscha Scarlett,3211,Economy,F11
Carri Thoms,4322,Economy,E19
L;urette Huffadine,1189,First,A1
Orel McGowran,4355,First,B5
Sollie Coch,4322,Economy Premium,B23
Maurizia Gisburn,3211,First,C18
Giralda Rowlands,1189,Business,A20
Spencer Allender,1189,Economy,B16
Valerye Shervil,1189,First,A14
Derry Cleghorn,4355,Business,F7
Kamilah Kayes,1340,Economy Premium,A4
Evelyn Neiland,3211,First,E23
Emalia Baggarley,1340,Economy Premium,B2
Shauna Pimblott,4322,First,F1
Tremaine Eads,1340,Economy Premium,B17
Codie Dunseath,4355,Economy,C5
Minnaminnie Jopson,3211,Economy,E20
Ivor Eschalotte,1340,Business,E7
Kandace Tissell,1340,Economy Premium,C20
Etheline Roll,3211,Business,E3
Tucky Syrett,4322,First,D5
Stuart MacLeese,4322,Economy Premium,F3
Marchelle Blue,1189,Economy,B22
Josefina Jurasz,1340,First,E21
Jarrad Petrasch,1340,Business,B23
Timmie Kemmet,3211,First,F14
Anetta Paulazzi,3211,Economy Premium,F3
Milty Duxbarry,4322,Business,C25
Georgianne Loveitt,4355,First,E13
Phillip Corneil,3211,First,F10
Ardenia Stood,1340,Economy Premium,D8
Arliene Franck,4322,First,F9
Erna Gerrelts,1189,Economy Premium,C23
Adrian Goodlatt,4322,Business,B6
Sylas Ramel,1340,Economy Premium,B14
Marika Scarr,1189,First,A7
Shae Winder,1340,Economy,D20
Jamima Grimsell,4322,Economy Premium,E3
Normand Gurg,4322,Economy,B11
Linnet Percy,1189,Business,B19
Goldarina Shearn,4322,Economy,B12
Haily Lebbern,3211,First,B18
Lancelot Woodruff,4355,Business,F2
Karlotte Baggiani,1340,Economy Premium,D11
Dimitry Springer,4355,First,C21
Adriane Penquet,1340,First,E6
Annette Coatman,4355,Business,F19
Diane-marie Geake,3211,Economy Premium,B21
Ralina Randales,1189,First,A20
Annmarie Vasilic,4355,Economy,A5
Sayer Stonhouse,4322,Business,C22
Justus Royce,1189,First,B24
Aguste Keuneke,1340,Business,E20
Goddart Fenkel,4355,Business,C21
Zacharias Layhe,4355,First,E19
Fairfax Le Grand,1340,Business,F11
Gwynne Teanby,1189,Business,C18
Vanna Renyard,4322,First,B14
Peggy Balstone,4322,Economy Premium,A17
Maxim Dickens,4322,First,E2
Ortensia Veldstra,4322,First,B18
Fanchette Tadlow,4355,Economy,B9
Rabbi Bleasdale,1189,Economy Premium,E10
Iseabal Ruthen,4355,Economy Premium,D15
Alano Hedau,4322,Business,E17
Cathi Josselsohn,4355,First,C22
Trude Mellenby,1340,First,D13
Georgia Goady,1340,Business,F14
Cherida D'Antonio,4355,First,A20
Shalom Coverley,1340,Economy,E6
Heindrick Greatbanks,4322,Economy,B20
Junia Ewart,3211,Business,D19
Ruby Lusk,4322,Business,E14
Andra Foyston,4355,First,B11
Shadow Bresner,1189,First,C24
Dennison Leif,3211,Economy Premium,E14
Barrie Huntly,1189,Economy,E6
Angelico Adamovich,3211,Business,F3
Gordan McClay,3211,Business,B19
Danna Ballam,4322,Economy Premium,D20
Ninette Fielder,4355,Business,C5
Trenna Mapples,1189,First,C8
Tailor Joselevitz,4355,Economy Premium,E2
Emmet Lloyd-Williams,1189,Economy,A20
Emerson Plumtree,1189,Economy,E19
Stillman McPhater,4355,First,E1
Jacquelyn Boomes,4355,Economy,F1
Jemimah Saffe,1340,Economy,E24
Adrian Itzkovitch,1189,Economy,F5
Cesya Annets,3211,Economy,A17
Alyosha McSwan,3211,Business,B24
Bartholemy Beaty,3211,Economy Premium,F21
Duncan Gentsch,1189,Economy,F20
Madonna Millberg,4355,First,E15
Salvatore Gott,1189,First,D24
Riki Wattam,3211,Economy,E17
Jena Blight,4322,Economy Premium,C13
Rahal Thickpenny,1340,Economy Premium,F7
Tiebold Nuccii,4322,First,A5
Josepha Dellenbrook,3211,Economy Premium,D18
Emmery Beddis,1340,Business,F13
Thaine Gallimore,3211,Business,B8
Jaclyn Cranmor,1340,First,F11
Mayne Buttler,3211,Economy,C5
Boonie Beddin,4355,First,B2
Michal Barlie,4322,First,B11
Leslie Bampfield,4322,Economy Premium,F25
Almeta Brazur,1189,Business,C13
Chariot Paskin,3211,Business,E1
Fulton Paradise,4355,Business,C16
Harmonie Hawtrey,4355,Economy Premium,C24
Demetri Millott,4355,First,F7
Casar Yaneev,4355,Economy,F2
Amalle Aldhouse,3211,Economy,D9
Dewitt Elgar,1340,First,E5
Odella Titheridge,4322,Economy,A25
Feodor McEachern,1189,Business,A20
Monti Plaide,1189,First,D17
Ward Autry,4322,Business,B25
Angy Pockey,4322,Economy,E10
Emmalee Kinnoch,4355,Business,A1
Lefty Cuddehy,1340,Economy Premium,B6
Reider Roadnight,1340,Economy Premium,A4
Neil Gueny,3211,First,B6
Lucretia Lacroix,4355,Business,D2
Madelon McCrostie,4355,Economy Premium,C6
Leena Sudddard,1189,Business,D13
Garreth Scannell,1189,First,A10
Sheilakathryn Ashmore,4355,Economy Premium,D1
Willa Alabastar,1340,First,B9
Cleon Penas,1189,Economy,E16
Aldin Karlmann,3211,Economy Premium,C17
Briano Heinsen,4355,Economy,C12
Giovanni Swanton,4355,Economy Premium,B15
Mattias Blease,1189,Business,D23
Sibylle McGerr,4322,Economy Premium,B9
Moore Lipyeat,4322,First,F17
Rodie Ibeson,1340,Business,D9
Tore Gallahar,4355,Economy Premium,A12
Richie Greatbatch,1189,Economy,D2
Bobbye Stigers,4355,First,B15
Mata Wheeliker,4322,First,B9
Tatiana Bigg,1340,Economy Premium,B12
Stacie Hinstridge,3211,Economy Premium,C4
Way Coche,4355,First,B12
Elsy Gossart,4322,Economy,F16
Dedra Inkpen,4355,Business,D13
Maybelle Martonfi,3211,Business,B10
Hyacinthia Rollinson,3211,Economy Premium,E18
Rois Millom,1340,Economy,B14
Adrienne Durnall,1189,Business,B20
Georgette Soper,3211,Business,A20
Blake Groucock,4322,Business,B16
Krystalle Cicchetto,1340,Business,D23
Alena Lang,1189,Business,D10
Keene Orro,3211,Economy Premium,F13
Cully McCrow,1189,First,C9
Tye Zanitti,1340,Economy,A21
Karalee Bewick,4355,First,A10
Gertrud Peddowe,1189,First,D11
Brittney Arro,1189,Business,C3
Billi Wilgar,4355,First,E17
Huntington Dobble,3211,Business,B8
Paddie Maase,4322,First,A9
Rickie Figge,1340,Economy Premium,E9
Florencia Collelton,3211,Business,E15
Fletcher Peinton,1189,First,C21
Trixie Fedorski,4355,First,D11
Michaeline Leach,4322,Business,A23
Charmion McKeefry,1189,First,B2
Hymie Freeburn,4322,Business,C15
Renard Trent,4322,Economy Premium,B4
Zia Strawbridge,4355,Economy,F1
Cosmo Wroath,1189,Business,A13
Janet Effaunt,4355,Economy,C20
Nolana Whetland,4322,Business,A7
Lilith Furmonger,4322,Economy,C7
Issie Bellefonte,3211,Business,A18
Dyane Cheney,1189,Business,A10
Gusti Musselwhite,4355,Economy,F2
Gordan Anlay,4355,First,D22
Auberta Whalebelly,3211,Business,A14
Valentine Mattheissen,3211,First,D11
Kev Traite,3211,Economy Premium,D16
Celestyna Kairns,1340,Economy Premium,A10
Wallache Mussard,4322,Economy,F25
Edy Grayshan,4322,First,E6
Marie Forrester,1340,Economy Premium,F9
Boonie Skermer,1189,Economy Premium,D6
Kasper Rowat,4322,Economy Premium,E11
Kelly Seadon,1189,Economy,D17
Kelsey Astupenas,4322,Business,F15
Nat Dakhov,1340,First,E1
Woodman MacFall,3211,Business,D4
Garvin Voaden,4322,Economy,D9
Jeddy Laterza,3211,Economy Premium,C23
Moyra Dade,3211,Economy,C9
Anett McGebenay,3211,Economy Premium,C1
Vally Andriuzzi,4355,First,A14
Marieann Renfree,4355,Economy Premium,F25
Felita Nicklinson,1340,Economy,D13
Stevie Mellish,3211,Business,C12
Andre Helstrip,4322,Business,E24
Faye Balthasar,4322,Economy,C14
Caitlin Aloway,3211,Economy,D24
Lanita Jonczyk,3211,First,F11
Trumann Gerraty,4322,Economy Premium,F17
Nickie MacLaughlin,1340,Business,E1
Sigrid Gouny,1340,Economy,C10
Jacquie Tubbles,4355,First,C3
Ricki Dobey,1189,Business,D3
Francene Weatherburn,4355,Economy Premium,F18
Jacklin Peyro,3211,First,E13
Vernice Higbin,1189,Business,D4
Val Oleszczak,1340,Business,B17
Berkeley Kimblen,1340,Economy,B21
Lorianne Sutherns,3211,Business,A20
Adeline Guido,4322,First,F14
Janeva Lissaman,4355,First,E15
Charyl Munn,4355,Economy,C4
Faun Raddon,1340,Business,F6
Venus Wardroper,3211,First,D12
Daloris Jacob,4355,Business,E17
Artemus Petyanin,1340,Business,A3
Edvard Yarker,1340,First,C12
Donn Bouda,1189,Economy,C10
Willette Albrooke,3211,Economy Premium,C16
Sasha Sarten,4322,First,E14
Nathan Barfield,1340,Economy,C1
Trixy Trimmell,3211,Economy,D22
Cornell Josephi,4322,Economy,A22
Waldon Clavering,1340,Business,F7
Tab Scroggs,4355,Business,E19
Marillin Cardoso,3211,Economy,A1
Mada Ashard,1189,Business,E14
Janenna Jannaway,1189,First,F4
Gordie Roadnight,4355,First,C5
Shelden Taig,1340,Economy Premium,D19
Deloris Demangeot,1340,Business,B21
Simonne Lammerich,1340,Economy,A8
Flint Borth,4322,Economy Premium,F13
Victoir Maghull,1189,First,B17
Ancell Dady,1189,Economy Premium,C20
Ivar McAlpin,1340,Economy Premium,A9
Baxter Combes,4355,Economy,F16
Aleta Lightning,1189,Business,E5
Anstice Brandenberg,1340,First,A10
Marguerite Seatter,4322,Economy,F11
Alistair Runnicles,1340,Economy Premium,E22
Sheelah Scoles,4355,First,E15
Felike Deerness,1189,Economy,B7
Northrop Blaksley,4355,Business,B17
Corbin Balazot,3211,First,B4
Jonathon Roomes,3211,Business,F22
Othello Klewer,4355,Business,D16
Adrian Royl,1340,Economy Premium,E4
Natal Walkden,1340,Business,C7
Daniele Duffett,1340,Economy,D4
Aleda Lawtie,1340,Economy,D4
Lewes Smalman,1340,Economy,D16
Valaria Feighry,1189,Business,E15
Sabrina Jeenes,1189,Economy,E5
Janene Carren,1189,First,E6
Jeannine Stuke,4355,Economy Premium,B5
Pate Bercevelo,4355,Business,B20
Masha Josse,4322,First,F5
Jonis Rollitt,1189,Business,E15
Faulkner Hesser,1189,Economy,D6
Yoshi Kinny,1189,Business,D25
Belvia Dymick,4322,First,E12
Sig Ferie,1340,Economy Premium,B5
Lucia Lazarus,1189,First,F8
Milt Andrey,1340,First,F10
Janeen Redish,4355,Economy,C22
Shellysheldon Wratten,4322,First,F4
Orelee Endle,1340,Business,D18
Naoma Epdell,4355,Business,C3
Constantino Lello,1340,First,D7
Jayne Stevenson,1189,Economy,B24
Selinda Willingale,1189,First,C18
Morley Leedes,1189,Business,A15
Lorita Fenix,1340,Business,D6
Mair Eaglesham,1340,Business,A10
Teddie Lezemere,4355,First,A15
Nikola Altimas,1189,Economy Premium,C25
Benyamin Brusin,1189,Economy,C25
Johny Scheffler,3211,Economy,A1
Bianka Greir,3211,Business,D12
Ediva Behrendsen,4355,Economy Premium,B7
Eve Thecham,4322,Economy,B3
Micky Colegate,4355,Economy,B20
Merci Bramall,3211,Business,C11
Daniel Kempe,1189,Economy,D25
Ronica Andrez,1340,Economy,F3
Lila Spary,3211,First,B1
Korey Ledur,4355,Economy,D17
Derby Totaro,4355,Economy Premium,B1
Michale Aguirre,3211,Economy,A17
Blisse Stedmond,3211,Economy,D9
Ernestus Chidwick,3211,Economy Premium,C13
Maynord Cuberley,4322,Economy,D15
Angie Grose,3211,Business,F25
Gwendolyn Feldberger,3211,Business,A3
Susanne Crichton,1340,Business,C7
Silvan Laurenceau,1189,First,E8
Lida Posselt,3211,First,F8
Lance Hargreave,3211,Economy,D17
Rolph McDermid,1340,Economy Premium,B19
Celeste Millmoe,4355,Economy,F16
Lilia Ivasyushkin,1189,Economy Premium,B20
Lucian Oriel,1340,Business,C6
Kellia Koop,4355,First,B16
Wallas Kiellor,4322,Economy Premium,A20
Melva Skellion,4322,Economy,D19
Elisa Lasty,3211,Economy Premium,B22
Clay Cranson,1340,First,B18
Jacquelin Grigorini,4322,Business,E21
Wyatan Stoyle,1189,First,C12
Emanuel Mattielli,1189,Business,B14
Robenia Meriott,1340,Economy,C11
Dirk Whitrod,3211,Economy Premium,D20
Adolph Dalyell,3211,Economy,B5
Davidson Devonish,1189,Economy,F14
Wylie Gilliat,4322,Economy Premium,A16
Anallese Ragsdall,3211,Economy,D7
Lisbeth Kelemen,4322,First,C6
Claresta Rojas,4322,Economy Premium,D14
Marwin Bradd,1340,Economy Premium,C4
Gwyn Licas,1189,Economy,D1
Bay Forlong,1340,Economy Premium,E17
Case Dobbing,4322,Economy Premium,C24
Alric Rohan,4322,Economy Premium,E11
Valentine Haysom,1340,Economy Premium,F11
Daveta Fossey,4355,First,F1
Fleurette Smissen,1189,Economy,D9
Erin Norley,1340,Economy,F19
Herve Pele,3211,Business,E24
Codi O'Cahill,4355,Business,A3
Charmine Pisco,1189,First,C2
Cassi Mcall,1340,Economy,E10
Tammy Jesper,1340,Business,D18
Rodi Connick,1340,First,C8
Elianore Schuelcke,3211,Business,D17
Mable Bea,3211,Economy,B15
Faunie Stoner,4322,First,C22
Kort Riddeough,4322,Economy,F24
Lina Andreini,1189,Economy,C12
Robbert Salerg,4322,First,A18
Janela Crayker,4322,Business,B12
Rozina Micheau,1189,Business,B3
Sallyanne Waterfall,4322,Economy Premium,A18
Rabi Ipwell,1189,Business,C19
Alexandro Jandak,1340,First,D12
Robina Caudelier,3211,Economy,F15
Allx Pennick,1340,Economy Premium,D2
Sayers Sandom,4322,First,F11
Hugo Magenny,1340,Economy,C23
Brandyn Chaperling,4322,First,C22
Sophia Kennealy,4322,Economy,A14
Caresa Bene,4322,Economy Premium,C3
Artemis Kemwal,4322,First,E8
Adora Bullant,4322,Economy,D4
Lucinda Poure,3211,Business,E7
Gilemette Gowman,4355,Business,B16
Estrella Lampbrecht,4355,Economy,D18
Kandy Baggarley,1189,Business,E19
Kori Sineath,1340,Economy,A19
Charis Ville,1340,Economy Premium,C24
Major Petrussi,1340,Business,D9
Vitoria Barrowcliffe,1189,Economy Premium,A18
Fanya McGeouch,1189,Business,C8
Winonah Munnion,1189,First,F11
Magnum Weigh,4355,First,E10
Any Chilver,3211,Economy,B5
Garfield Grumell,1340,Business,C19
Claudette Annesley,3211,Economy Premium,B7
Feodora Toffano,4355,Business,B20
Yule Hanscombe,3211,Economy,E23
Padraic Feasley,4355,Economy Premium,A6
Tan Ferryn,4322,Economy Premium,A8
Glen McSorley,4355,Economy Premium,B15
Con Belchamber,1189,First,F16
Cilka Castles,1340,Economy,B20
Waverly Yoselevitch,4322,Business,C22
Tedda Silcock,1340,Business,A15
Iorgo Jurasek,3211,Economy Premium,A3
Orel Kinghorne,4322,Economy Premium,C20
Leodora Doveston,1189,First,A18
Shaylyn McVitie,1189,Economy,A15
Ad Swayland,4355,Economy,B23
Zara Vasilevich,1340,Economy Premium,D12
Kamilah Cutriss,1189,Economy Premium,A20
Jessy Derdes,1340,Business,D13
Audi Fitzroy,3211,Economy Premium,D3
Amory Lerway,1340,Economy Premium,B9
Sheena Pollitt,3211,First,F14
Glenine Ethersey,1189,First,E8
Cleve McKeever,4322,Economy Premium,F20
Iorgos Gumb,4322,Economy Premium,D25
Austina Pesic,1189,Economy,F13
Yul Hinrichs,1189,Economy,A16
Lazaro Parminter,1340,Business,B22
Frank Carlisso,3211,Economy Premium,E22
Ellie Flatley,1189,Economy Premium,F16
Derek Millott,1340,Economy,F1
Gerard Folbigg,4355,Economy Premium,C2
Marmaduke Volkes,4322,Business,E1
Robers Greenall,3211,Economy,C12
Jayne Millbank,4355,First,E23
Jeff Pawley,3211,Economy,B23
Sosanna Risely,4322,Business,A13
Loraine Foystone,3211,Economy Premium,C4
Harriett Bedberry,1189,Economy Premium,D8
Robenia Furlonge,4355,Economy Premium,C6
Goldarina Albers,1340,Business,B10
Marilyn Wehnerr,1189,Economy Premium,A23
Leela Kem,1189,Business,D24
Hermon Doxsey,4355,Economy Premium,C3
Sonni Baxendale,4322,Economy,E14
Alastair Tyers,3211,First,B15
Casey Martina,1189,Business,C1
Lindsay Ansty,1340,Business,B19
Karolina Ibbitt,1189,Economy,C13
Morgan Zisneros,3211,Business,A23
Bobbi Rounsivall,4322,First,A8
Lewie Tubritt,1189,Business,E9
Bobbee Shaxby,1189,Economy,B23
Kenton Grcic,4355,Economy Premium,A1
Brigit Gabb,1189,Business,A2
Dionysus Chatan,4322,Economy,B15
Devondra Sherland,3211,Economy Premium,A14
Isabella Buckerfield,1189,Economy,A5
Gaby Pinnocke,1340,Business,F3
Torry Rangell,1189,Economy,A16
Tina Kincaid,1340,Business,F4
Tarrah Norquoy,1340,Economy,A19
Matthieu Esslement,1189,Business,D5
Ignacius Auletta,1340,Economy Premium,E9
Waylin Gratten,4355,Economy Premium,B2
Sarine Doy,1340,Economy Premium,B21
Anastasia Horribine,4322,Economy,F24
Kinsley Doul,3211,Economy,C14
Guglielma Colquyte,4355,First,C23
Ardyce McLafferty,4322,Business,E15
Arch Haxby,1340,Economy Premium,C21
Gerek Fulun,4355,First,C3
Haskell Jikylls,4355,Economy Premium,A2
Ralf Birks,4322,Business,A22
Mamie Swetman,1189,Economy Premium,F9
Teddy Beadles,1189,Economy Premium,A4
Jennette Neiland,4355,Economy Premium,F16
Sasha Lodovichi,4355,Business,A14
Horatia Kuschke,3211,Business,D20
Bobette Skeates,1340,Economy,A23
Siobhan Kondrachenko,1340,Business,E16
Alejandrina Horick,1189,Business,B21
Nikolai Canty,3211,Business,D3
Falito Jeschner,1189,Business,E9
Zaneta Rendall,4355,Economy Premium,F18
Mathe Sherringham,1189,Economy Premium,A4
Jaclyn Hampson,4322,Economy,E24
Beverley Balfour,1340,Economy,F13
Odelinda Doubrava,1189,Economy Premium,D3
Selle Cheves,3211,Economy Premium,B8
Olivero Aleksandrev,4355,Business,C19
Jany Dicky,1340,Business,F16
Udale McAlpin,1340,Business,A3
Katinka Gatheridge,1189,Business,F15
Kaile Antham,4355,Business,A14
Ashely Pierton,1189,Business,A25
Kelsi Prydie,3211,Economy,A13
Hilarius Wallworth,1340,First,B2
Monroe Damiral,4322,Economy Premium,A9
Cesaro MacGarrity,1340,First,A24
Sullivan Measen,1189,Economy,A7
Devan Arger,1340,Economy Premium,D15
Kynthia Deeth,4322,Business,D3
Dianemarie Trayhorn,1189,Business,E9
Rowland Leggan,1340,Business,B5
Ola Weerdenburg,4355,Economy,C1
Rockie Karchowski,1340,Business,C15
Kaleena Lamplugh,3211,Business,B4
Adrian Borer,3211,Economy Premium,F6
Pen Haysar,4322,First,B5
Desmund Riccardo,3211,Economy,A23
Lauralee Frankcombe,4355,Economy Premium,B15
Vivyan Elijahu,3211,Business,A6
Felicia Sedgeworth,1340,Economy,C20
Gibb Cuesta,1340,First,E12
Kylila Hrachovec,1340,First,C11
Brande Ashlee,4322,Business,C3
Alvira Gulk,1340,Business,B25
Clea Spreag,4322,First,A8
Katharine Crisell,1340,Business,C3
Kit Tilburn,4322,Economy Premium,E2
Tanya Birkinshaw,4355,Economy Premium,F24
Ferdinande Lobb,1189,Economy Premium,D15
Gustave Pettiford,4322,Economy Premium,E15
Gauthier Myers,4322,Business,A3
Briggs Rupert,1340,Business,D4
Dorrie Willoway,1340,Business,D10
Tedman Hatherill,3211,First,F19
Shelley Bewshea,1189,First,E9
Arni Botwood,1340,Economy,D2
Levy Goodricke,1189,Economy Premium,F22
Caralie Tesmond,1189,Economy Premium,E13
Loria Ladbrooke,4355,Business,C23
Debbi Cianelli,1189,Economy Premium,F9
Evey Kivelle,4322,First,D4
Shay Greener,4355,Business,C11
Crawford Dyhouse,4322,Economy,F22
Vernor Enderwick,4322,Business,B19
Bert Marquiss,4355,Business,D12
Brigitte Harbinson,1340,Economy Premium,A6
Pren Rennox,1189,First,B21
Nadya Dungey,3211,First,E7
Morgana Giffkins,3211,Business,A5
Joelle MacAlpine,4355,Economy,F23
Tabatha Blinckhorne,3211,Economy Premium,D8
Mariquilla Vaugham,1340,First,D17
Kalli Coltherd,3211,Economy Premium,A24
Jena Nelmes,1189,Economy Premium,E8
Preston O'Bruen,1340,Economy,B10
Binni Saunier,1189,First,D10
Chariot Ramsden,4322,First,E24
Cissy Philipps,1189,Economy,C11
Karel Breadon,3211,First,B14
Townie Minelli,3211,Economy,B8
Erv Larking,3211,Business,A8
Tomas Hugonin,1340,Business,C14
Jacklyn Treasure,3211,Economy Premium,A16
Daffi Andreotti,1189,Economy Premium,D3
Gabi Stripp,1189,Economy Premium,E3
Luise Dolman,3211,Business,B13
Daron Bertson,1189,Economy,A21
Tymon Reedick,3211,First,D14
Thorstein Furney,4322,Economy,F25
Deanne Breslau,4355,First,B6
Carolus Ledram,1189,Economy Premium,D18
Rayna Allnatt,1340,First,D23
Fraser Pilgram,4355,Economy Premium,D17
Zea Pedwell,4355,First,D25
Olvan Larkings,1340,Economy,C16
Claire Ventum,4322,Business,E11
Chad Stanway,1340,Economy,A19
Mattheus Acres,3211,Economy Premium,C7
Dee dee Hayland,4322,Business,B7
Brady Aspinell,4355,Economy,B6
Wyatt Stell,1340,First,A3
Stan Ferriday,3211,First,A17
Toddie Botly,1189,First,D2
Franny Shade,4355,First,F3
Kaleb Whitefoot,4355,First,C1
Patty Shea,4322,Economy Premium,E10
Ambur Brimmicombe,1340,Business,A21
Giles Malter,4322,Business,E8
Cristian Farey,1340,Economy Premium,A16
Cris Haldenby,1340,Business,F24
Sue Parren,4322,Economy Premium,E19
Allx De Brett,4355,Economy,B9
Val Aitkin,1340,Business,B3
Benson Shafier,4355,Business,F24
Margette Odeson,3211,Business,C23
Merl Wehden,3211,First,A22
Rudolfo Cahey,3211,Economy Premium,E8
Aleta Fetherby,4355,First,B14
Rosy Fryers,1340,Economy,A17
Gaylene Goscomb,4355,Economy,B4
Idette Gylle,4355,First,F4
Bethena Plum,1340,First,E17
Debra Purviss,4355,Economy Premium,B3
Korey Hellsdon,4322,Economy,D9
Cos Bough,1189,Economy Premium,D18
Moina Arling,4322,First,C22
Deva McIlwreath,1189,Economy,B17
Burgess Keetch,1189,Economy,F15
Dorise Do,1340,First,D4
Cynde Worshall,4355,Economy,E13
Molly Retchless,1189,Economy Premium,B21
Gregg Howitt,4355,Economy Premium,E22
Raine Leiden,3211,Economy,C14
Clayson Rubinsztein,1340,Economy Premium,F20
Jone Gillise,1189,Business,A12
Perren Giller,3211,Economy,D1
Cobby Scottini,4355,First,B7
Penny Dove,1189,Economy Premium,A10
Reta Barthelemy,1340,First,A10
Eldon Spinney,4322,Economy Premium,F15
Kessiah Loney,1189,Economy,D25
Anni Nassy,1189,First,C22
Adriano Rudsdale,4355,Economy Premium,A25
Dedra Faulder,4322,First,E14
Bernette Dimitriou,1189,Economy,D9
Nehemiah McIver,4322,First,A23
Bernelle Dilston,1189,Economy Premium,C19
Ezekiel Mallabon,4322,Business,F22
Drucill Gimbrett,4355,Economy Premium,F13
Sherie Lodewick,3211,Business,B5
Robbin Guinane,4322,First,E4
Moise Acarson,4355,Business,C2
Andee Kliner,4355,Business,E18
Aldric Bussen,4322,Economy,E24
Penny Allewell,4355,Business,A18
Felecia Ambroziak,1189,Business,E11
Doro Orys,3211,Business,D23
Sabrina Shailer,1189,Economy,C2
Benedick Ride,4355,First,D1
Cathrine Coggell,4322,Economy Premium,B3
Burr Buffham,1340,Economy,D14
Royal Lindenblatt,4355,Economy,D22
Nisse Lark,1189,Economy Premium,C4
Taryn Focke,3211,Economy Premium,B3
Baudoin Khristoforov,1189,Economy,A15
Jarvis Georghiou,1189,First,B10
Babbie Cappleman,3211,First,B19
Shanna Croot,4355,Business,B8
Lanie Renehan,1189,Economy,C24
Sara O'Dee,1340,Economy Premium,D15
Erl Danneil,3211,Business,C19
Bernard Prendergrass,1189,Economy,A10
Marylinda Fishly,1189,Business,A2
Willis Raggatt,4322,Business,C15
Isidro Phelips,1340,Economy,E13
Vidovic Woolatt,3211,Economy,B11
Coleen Stile,1189,Economy Premium,D24
Flori Swatton,1189,First,F15
Barnabe Mityushkin,3211,Business,A1
Alina Gavrielly,3211,Business,A17
Scotty Skakunas,1340,First,E14
Teresa Cardinal,4355,First,C11
Ericha Giovannardi,4355,First,F20
Jeanette Cominotti,1340,Economy,E17
Elisabetta Ragot,4322,Economy,D5
Taber Damiral,1189,Economy,B25
Felicio Kerwood,1340,Economy,E12
Marta Caudelier,4322,First,C7
Blinni Clavey,4355,Economy,E16
Dolley O'Loughane,3211,Business,F8
Christy Stave,3211,Economy,A6
Maximilian Jouanot,1189,Economy Premium,D4
Arlena Fawks,1189,First,B19
Tiertza Franz-Schoninger,1340,First,F25
Maryrose Dyball,1189,Economy,A22
Farrand Outerbridge,1340,Economy Premium,F18
Alick Blodget,3211,First,F25
Sutherland Paiton,4355,First,E20
Darcy Cane,1340,Business,D5
Reagen Tumasian,4355,Business,E22
Armand Echalier,1189,Economy Premium,D21
Lenard Mortel,1189,Business,B20
Carleen McVrone,1189,Economy Premium,E14
Mahalia Talby,4322,First,E23
Jobi Jenken,3211,First,D22
Thomasa Popeley,4322,Economy Premium,E23
Bella Juan,1189,Business,A17
Dew Chilver,4322,Economy,E11
Nani Battelle,1340,Economy Premium,B25
Claudetta Deveril,4322,First,A12
Ashil Scurry,1340,First,D12
Janessa Belitz,3211,Economy Premium,B16
Caria Antonomoli,1189,Economy Premium,F12
Fanechka Mably,3211,First,E10
Susanna Muckersie,3211,Economy Premium,E13
Ira Hapke,3211,Economy,B9
Aylmer Jephson,3211,Economy Premium,F24
Felic Troy,4322,First,E20
Barbette Melmar,1189,First,C13
Dominique Ninotti,3211,Economy Premium,B11
Shel Danser,3211,Business,F14
Luis Pfeiffer,1340,Economy Premium,B12
Susie Hamelyn,1340,First,C19
Nina Wibrow,1340,Economy Premium,A9
Shoshanna Brittain,4322,Economy Premium,E14
Elna Talks,4355,Economy,E10
Benedetta Hadlow,1340,First,F16
Alexis Cella,1340,Economy,E17
Sergio Cresar,4322,Economy,F13
Alford MacCaughen,1189,Economy Premium,A16
Ethelin Naisby,1340,Economy,B4
Roselia Wilmot,4355,Economy Premium,E6
Theadora O'Halligan,1189,Economy Premium,B25
Elladine Waite,4355,Economy,E11
Delora Please,1340,Economy Premium,A12
Farrel Wakeley,3211,First,B10
Sybilla Colbridge,3211,Economy Premium,C14
Christal Durward,1189,Business,D6
Clarke Climie,3211,Economy,E8
Jess Torra,3211,Economy,B21
Anabel Wesgate,4322,Economy Premium,C6
Lyndsay Allmann,4355,Business,D12
Margery Squier,1340,First,B24
Lynn Bailey,4355,First,F12
Carlina McElwee,1189,Economy,E9
Amory Sebyer,4322,First,C10
Ives Luxford,3211,Economy,E18
Lavinia Eisikowitz,1189,First,B14
Dacie Machen,1189,Economy,A15
Verne Whatford,1340,First,F11
Daffi Jinks,4322,Business,C22
Mikkel Millsap,1189,Business,E2
Edouard Cordet,1189,Economy Premium,B19
Niki McGinty,4355,Business,A4
Marinna Worsell,4355,Economy,F21
Granger Kondratenko,1340,Economy,E15
Doralynn Thredder,1189,Economy Premium,F23
Gray O'Mannion,1189,First,F5
Nola MacGinlay,1340,Economy Premium,A22
Julius Buret,1189,Economy Premium,E1
Shani Osgorby,1340,Business,E9
Merola Groucutt,4322,Economy Premium,E18
Kendal Desmond,4322,First,C5
Lucita Cathersides,4355,Economy Premium,D24
Karla Bellie,4355,Economy,A3
Nolly Pattemore,4355,Economy,B18
Dan Keer,1189,Economy,E13
Tarrah Chalfont,3211,Economy Premium,E8
Linnie Barden,4355,Economy Premium,E19
Bearnard Haggata,4322,Business,F8
Trudie Prinett,1340,Economy,D3
Kerry Rubinowitz,1340,Economy Premium,B15
Constance Gunda,1340,Economy Premium,B14
Kimball Astin,4355,Economy,B10
Beverlie Mulholland,1189,Economy,C11
Howard Stillman,3211,Economy,B23
Caldwell Vedishchev,4355,First,F7
Marie-ann Morrill,4355,Economy Premium,E21
Northrop Shawley,4355,First,A16
Camile Tolworth,4322,Economy Premium,D17
Cull Skeldon,4322,Economy,F16
Katleen Hirche,3211,Economy Premium,D13
Elena Elphey,1340,First,B21
Fremont Brouard,1340,Business,E7
Joaquin Van Zon,4355,Economy,B5
Tannie Duigenan,1340,Business,C4
Nanete Friel,3211,Business,D15
Sharon Lasselle,4322,First,D19
Karita Hawkeswood,4322,Business,A1
Farleigh Olle,3211,Economy,E4
Kikelia Cockley,1189,Business,F2
Joane McGirl,4322,Business,E2
Dionysus Tuffey,3211,Economy,B9
Mario Aidler,1340,Economy Premium,F7
Adam Gwyther,3211,Business,F25
Lindsy Gabbetis,4355,Business,C13
Laura Pasby,3211,Business,C8
Nydia Caso,3211,Economy,D25
Hamid Frany,1189,Economy Premium,D25
Ashton Kittle,1340,Business,F5
Cosimo Wrought,4355,First,F18
Hertha Ruggs,4355,Business,F10
Tess Currum,4355,Economy,A11
Kirbee Axby,1340,Economy Premium,B15
Tanya Feige,1189,Business,E21
Jdavie Jirus,1189,Economy Premium,F2
Jaymie Bownes,1189,Economy Premium,C13
Gilligan Targetter,1189,Economy Premium,A17
Phaedra Swetland,3211,First,D25
Pascale Jordison,4322,First,B25
Cal Regi,1340,Economy,A14
Crawford Roggeman,3211,Economy,B7
Jordanna Bramwell,1340,Economy Premium,C16
Alta Rubartelli,4322,Economy Premium,B14
Bill Brummitt,4322,Economy,A2
Dulce Schermick,1189,Economy Premium,A3
Cass Backshell,4355,First,A13
Minny Nozzolii,4322,Economy,A1
Pall Blinkhorn,4322,Economy Premium,A11
Yorgos Kenward,1340,Economy Premium,B22
Missy Benazet,3211,Economy Premium,D16
Donetta Crocker,4355,Economy,D5
Sonny Bligh,1189,First,E23
Clyve Impleton,1340,First,D15
Beverlee Crummy,1189,First,B14
Anjanette Juschka,3211,First,A1
Ina Twelvetree,4322,Business,E1
